{"cameraMode":{"drawMode":0,"name":"Shaded","section":"Shading Mode"},"sceneLighting":true,"audioPlay":false,"sceneViewState":{"m_AlwaysRefresh":false,"showFog":true,"showSkybox":true,"showFlares":true,"showImageEffects":true,"showParticleSystems":true,"showVisualEffectGraphs":true,"m_FxEnabled":true},"in2DMode":false,"pivot":{"x":-0.017208442091941835,"y":-0.0793757438659668,"z":0.023511558771133424},"rotation":{"x":0.6244722604751587,"y":-0.04678066447377205,"z":0.03751327097415924,"w":0.7787408828735352},"size":0.44844070076942446,"orthographic":true}